<?xml version="1.0" encoding="UTF-8"?>
<!DOCTYPE hibernate-configuration PUBLIC
        "-//Hibernate/Hibernate Configuration DTD 3.0//EN"
        "http://hibernate.org/dtd/hibernate-configuration-3.0.dtd">
<hibernate-configuration>
    <session-factory>
        <property name="hibernate.connection.driver_class">com.mysql.jdbc.Driver</property>
        <property name="hibernate.connection.url">jdbc:mysql://localhost:3306/ristorante</property>
        <property name="hibernate.connection.username">root</property>
        <property name="hibernate.connection.password">12345</property>  
        <property name="dialect">org.hiberante.dialect.MySQLDialect</property>    
        <property name="hibernate.show_sql">true</property>
        
        <property name="hibernate.dialect">org.hibernate.dialect.MySQLDialect</property>

        <mapping class="it.clariter.model.ristorante.Ordine"/>
        <mapping class="it.clariter.model.ristorante.Piatto"/>
        <mapping class="it.clariter.model.ristorante.Tavolo"/>
        
    </session-factory>
</hibernate-configuration>